"2024/04/03 23:41:02	valid
時間割番号	科目区分	時間割名	曜日時限	教員名	対象学生	適正人数	全登録数	優先指定	第１希望	第２希望	第３希望	第４希望	第５希望
71156	自由履修科目	コーヒーと社会１	火3	中村　裕之	全学生	100	244	168	210	25	6	2	1
71A10a.101	ＧＳ科目	現代世界への歴史学的アプローチ	木2	小髙　敬寛	全学生（共通教育科目に係る卒業要件未充足の2年以上優先）	55	147	31	90	43	11	1	2
71A10a.102	ＧＳ科目	現代世界への歴史学的アプローチ	木3	小髙　敬寛	全学生（共通教育科目に係る卒業要件未充足の2年以上優先）	55	170	36	98	49	22	1	0
71A10a.103	ＧＳ科目	現代世界への歴史学的アプローチ	金3	小髙　敬寛	全学生（共通教育科目に係る卒業要件未充足の2年以上優先）	55	271	55	163	90	18	0	0
71A10a.104	ＧＳ科目	現代世界への歴史学的アプローチ	金4	小髙　敬寛	全学生（共通教育科目に係る卒業要件未充足の2年以上優先）	55	148	12	84	58	6	0	0
71A10a.105	ＧＳ科目	現代世界への歴史学的アプローチ	木4	足立　拓朗	全学生（共通教育科目に係る卒業要件未充足の2年以上優先）	55	162	23	84	45	23	9	1
71B10a.101	ＧＳ科目	グローバル時代の政治経済学	火2	佐々木　葉月	全学生（共通教育科目に係る卒業要件未充足の2年以上優先）	86	226	87	146	49	24	6	1
71B10a.102	ＧＳ科目	グローバル時代の政治経済学	火4	佐々木　葉月	全学生（共通教育科目に係る卒業要件未充足の2年以上優先）	86	335	121	215	81	27	12	0
71C10a.101	ＧＳ科目	グローバル時代の社会学	月5	眞住　優助	全学生（共通教育科目に係る卒業要件未充足の2年以上優先）	52	179	39	138	36	5	0	0
71C10a.102	ＧＳ科目	グローバル時代の社会学	火2	眞住　優助	全学生（共通教育科目に係る卒業要件未充足の2年以上優先）	52	165	31	75	65	19	3	3
71C10a.103	ＧＳ科目	グローバル時代の社会学	火4	眞住　優助	全学生（共通教育科目に係る卒業要件未充足の2年以上優先）	52	300	70	140	99	42	17	2
71C10a.104	ＧＳ科目	グローバル時代の社会学	水3	眞住　優助	全学生（共通教育科目に係る卒業要件未充足の2年以上優先）	52	325	88	181	102	38	4	0
71C10a.105	ＧＳ科目	グローバル時代の社会学	木4	渡辺　達雄	全学生（共通教育科目に係る卒業要件未充足の2年以上優先）	95	246	62	146	68	24	7	1
71D10a.101	ＧＳ科目	ケーススタディによる応用倫理学	水4	山本　英輔	全学生（共通教育科目に係る卒業要件未充足の2年以上優先）	63	145	33	82	41	15	5	2
71E20a.101	ＧＳ科目	地球生物圏と人間	月2	佐藤　圭	全学生（共通教育科目に係る卒業要件未充足の2年以上優先）	99	190	66	124	50	14	2	0
71E20a.102	ＧＳ科目	地球生物圏と人間	月4	佐藤　圭	全学生（共通教育科目に係る卒業要件未充足の2年以上優先）	99	321	103	216	67	29	8	1
71E20a.103	ＧＳ科目	地球生物圏と人間	火4	佐藤　圭	全学生（共通教育科目に係る卒業要件未充足の2年以上優先）	99	234	70	137	61	27	6	3
72284	自由履修科目	ゼミ／漢文史料読解Ａ１	金5	古畑　徹	全学生（2020年度以降入学者履修登録用）	30	5	2	4	1	0	0	0
72501.02	自由履修科目	日本国憲法概説	水3	石川　多加子	法学類の1･2年以外限定	150	118	41	108	6	3	1	0
72A10a.101	ＧＳ科目	哲学（自我論）	火3	GRUENEBERG PATRICK	全学生（共通教育科目に係る卒業要件未充足の2年以上優先）	99	340	135	207	83	40	8	2
72A10a.102	ＧＳ科目	哲学（自我論）	水4	GRUENEBERG PATRICK	全学生（共通教育科目に係る卒業要件未充足の2年以上優先）	99	425	137	268	116	41	0	0
72A10a.103	ＧＳ科目	哲学（自我論）	月3	佐々木　拓	全学生（共通教育科目に係る卒業要件未充足の2年以上優先）	53	183	52	86	63	26	7	1
72B10a.101	ＧＳ科目	パーソナリティ心理学	月4	菊谷　まり子	全学生（共通教育科目に係る卒業要件未充足の2年以上優先）	85	306	89	188	80	30	8	0
72B10a.102	ＧＳ科目	パーソナリティ心理学	火3	菊谷　まり子	全学生（共通教育科目に係る卒業要件未充足の2年以上優先）	85	195	48	86	68	31	10	0
72B10a.103	ＧＳ科目	パーソナリティ心理学	火4	菊谷　まり子	全学生（共通教育科目に係る卒業要件未充足の2年以上優先）	85	238	58	119	66	39	13	1
72B10a.104	ＧＳ科目	パーソナリティ心理学	木3	菊谷　まり子	全学生（共通教育科目に係る卒業要件未充足の2年以上優先）	85	217	62	119	70	23	5	0
72C10a.101	ＧＳ科目	グローバル時代の文学	水4	佐藤　文彦	全学生（共通教育科目に係る卒業要件未充足の2年以上優先）	50	173	29	81	59	27	5	1
72C10a.102	ＧＳ科目	グローバル時代の文学	木3	佐藤　文彦	全学生（共通教育科目に係る卒業要件未充足の2年以上優先）	50	156	35	88	45	17	5	1
72C10a.103	ＧＳ科目	グローバル時代の文学	金3	佐藤　文彦	全学生（共通教育科目に係る卒業要件未充足の2年以上優先）	50	235	41	124	84	27	0	0
72C10a.104	ＧＳ科目	グローバル時代の文学	金4	佐藤　文彦	全学生（共通教育科目に係る卒業要件未充足の2年以上優先）	50	129	28	78	38	13	0	0
72C10a.105	ＧＳ科目	グローバル時代の文学	月4	山本　卓	全学生（共通教育科目に係る卒業要件未充足の2年以上優先）	50	180	26	71	70	30	8	1
72C10a.106	ＧＳ科目	グローバル時代の文学	木2	宮澤　優樹	全学生（共通教育科目に係る卒業要件未充足の2年以上優先）	50	113	20	54	41	13	4	1
72D20a.101	ＧＳ科目	健康科学	月3	唐島　成宙	全学生（共通教育科目に係る卒業要件未充足の2年以上優先）	50	124	22	53	51	9	9	2
72D20a.102	ＧＳ科目	健康科学	月4	唐島　成宙	全学生（共通教育科目に係る卒業要件未充足の2年以上優先）	50	205	35	98	74	23	10	0
72D20a.103	ＧＳ科目	健康科学	火3	唐島　成宙	全学生（共通教育科目に係る卒業要件未充足の2年以上優先）	50	131	30	60	39	16	12	4
72D20a.104	ＧＳ科目	健康科学	火4	唐島　成宙	全学生（共通教育科目に係る卒業要件未充足の2年以上優先）	50	176	38	75	64	25	12	0
72D20a.105	ＧＳ科目	健康科学	水1	唐島　成宙	全学生（共通教育科目に係る卒業要件未充足の2年以上優先）	50	143	15	83	49	11	0	0
72E20a.101	ＧＳ科目	細胞・分子生物学	月4	滝野　隆久	全学生（共通教育科目に係る卒業要件未充足の2年以上優先）	99	220	63	136	57	20	4	3
72E20a.102	ＧＳ科目	細胞・分子生物学	水1	滝野　隆久	全学生（共通教育科目に係る卒業要件未充足の2年以上優先）	99	141	42	106	29	6	0	0
72E20a.103	ＧＳ科目	細胞・分子生物学	木4	滝野　隆久	全学生（共通教育科目に係る卒業要件未充足の2年以上優先）	99	217	75	123	48	32	10	4
72E20a.104	ＧＳ科目	細胞・分子生物学	金2	倉石　貴透	全学生（薬学類1年及び共通教育科目に係る卒業要件未充足の2年以上優先）	90	289	133	201	72	16	0	0
72F0F.501	ＧＳ科目	エクササイズ＆スポーツ  実技・ゴルフ	月4	永山　亮一	全学生（共通教育科目に係る卒業要件未充足の2年以上優先）	24	62	23	43	6	10	3	0
72F0G.101	ＧＳ科目	エクササイズ＆スポーツ  実技・ゴルフ	水3	村山　孝之	全学生（共通教育科目に係る卒業要件未充足の2年以上優先）	20	36	6	14	16	5	1	0
72F0G.102	ＧＳ科目	エクササイズ＆スポーツ  実技・ゴルフ	集中	村山　孝之	全学生（共通教育科目に係る卒業要件未充足の2年以上優先）	20	42	16	42	0	0	0	0
72F0J.501	ＧＳ科目	エクササイズ＆スポーツ  実技・バスケットボール	月3	永山　亮一	全学生（共通教育科目に係る卒業要件未充足の2年以上優先）、男子限定	35	32	8	17	12	3	0	0
72F0Qa.101	ＧＳ科目	エクササイズ＆スポーツ  実技・サッカー（基礎）	火4	増田　和実	全学生（共通教育科目に係る卒業要件未充足の2年以上優先）	30	46	10	26	12	6	2	0
72F0Va.101	ＧＳ科目	エクササイズ＆スポーツ  実技・ソフトテニス（基礎）	火3	村山　孝之	全学生（共通教育科目に係る卒業要件未充足の2年以上優先）	24	39	6	25	7	5	1	1
72F0ba.101	ＧＳ科目	エクササイズ＆スポーツ  実技・ジョグ＆サーキット	木3	木村　岳裕	全学生（共通教育科目に係る卒業要件未充足の2年以上優先）	25	16	4	12	3	0	1	0
72F0ca.101	ＧＳ科目	エクササイズ＆スポーツ  実技・ソフトテニス（発展）	火4	村山　孝之	全学生（共通教育科目に係る卒業要件未充足の2年以上優先）	24	15	1	8	7	0	0	0
72F0da.101	ＧＳ科目	エクササイズ＆スポーツ  実技・ソフトボール（基礎）	火3	野中　雄大	全学生（共通教育科目に係る卒業要件未充足の2年以上優先）	40	42	11	26	10	2	3	1
72F0ea.101	ＧＳ科目	エクササイズ＆スポーツ  実技・ソフトボール（発展）	火4	野中　雄大	全学生（共通教育科目に係る卒業要件未充足の2年以上優先）	40	14	0	8	5	1	0	0
72F0ga.101	ＧＳ科目	エクササイズ＆スポーツ  実技・トランポリン	水2	佐川　哲也	全学生（共通教育科目に係る卒業要件未充足の2年以上優先）	24	61	32	48	7	5	0	1
72F0ha.101	ＧＳ科目	エクササイズ＆スポーツ  実技・トレーニング（基礎）	火4	木村　岳裕	全学生（共通教育科目に係る卒業要件未充足の2年以上優先）	25	31	4	15	10	5	1	0
72F0ia.101	ＧＳ科目	エクササイズ＆スポーツ  実技・トレーニング（発展）	月4	木村　岳裕	全学生（共通教育科目に係る卒業要件未充足の2年以上優先）	20	8	0	7	0	0	0	1
72F0la.101	ＧＳ科目	エクササイズ＆スポーツ  実技・バレーボール（基礎）	火4	横山　剛士	全学生（共通教育科目に係る卒業要件未充足の2年以上優先）	36	82	40	66	9	3	2	2
72F0wa.101	ＧＳ科目	エクササイズ＆スポーツ  実技・体操（基礎）	火1	山田　哲	全学生（共通教育科目に係る卒業要件未充足の2年以上優先）	30	17	6	12	3	1	1	0
72F0za.101	ＧＳ科目	エクササイズ＆スポーツ  実技・テニス（基礎）	木2	芝口　翼	全学生（共通教育科目に係る卒業要件未充足の2年以上優先）	32	14	0	8	5	1	0	0
72F0za.102	ＧＳ科目	エクササイズ＆スポーツ  実技・テニス（基礎）	水1	芝口　翼	全学生（共通教育科目に係る卒業要件未充足の2年以上優先）	32	22	10	19	2	1	0	0
72F0zad.11	ＧＳ科目	エクササイズ＆スポーツ  実技・バスケットボール（基礎）	水3	野中　雄大	全学生（共通教育科目に係る卒業要件未充足の2年以上優先）	40	84	27	62	14	6	1	1
72F0zag.11	ＧＳ科目	エクササイズ＆スポーツ  実技・テニス	木1	芝口　翼	全学生（共通教育科目に係る卒業要件未充足の2年以上優先）	32	3	1	2	1	0	0	0
73301.01	自由履修科目	ゼミ／角間の里山づくり  春編	水5	佐川　哲也	全学生	15	63	37	54	6	3	0	0
73505.03	自由履修科目	地学実験	木3〜5	森下　知晃	理工学域2年以上限定	20	9	4	9	0	0	0	0
73555.01	自由履修科目	生物学実験	金3〜5	小林　功	全学生	20	19	8	17	1	1	0	0
73589.01	自由履修科目	海洋生化学演習	集中	鈴木　信雄	生命理工学類を除く全学生	18	32	18	32	0	0	0	0
73626	自由履修科目	動画配信サービスを用いた情報発信演習A	木4	森　祥寛	全学生	18	22	9	16	2	2	1	1
73654.01	自由履修科目	比較文化	火4	吉永　契一郎	全学生	36	25	6	16	7	1	0	1
73658.01	自由履修科目	金沢大学の歴史を学ぶ（自校教育入門）	月2	林　透	全学生	30	30	6	17	11	1	1	0
73671	自由履修科目	ソーシャルビジネス概論	金4	篠田　隆行	全学生	50	36	7	24	9	3	0	0
73677.01	自由履修科目	地域のトップリーダーを繋ぐⅠ	月5	渡辺　達雄	全学生（融合学域・人文学類・法学類・経済学類・地域創造学類・国際学類優先）	80	67	14	57	6	4	0	0
73690	自由履修科目	ビジネスと政治・経済	木3	大友　信秀	2年以上限定（先導学類優先）	80	10	3	9	0	1	0	0
73701.01	自由履修科目	ピアノ教育の社会史	木3	吉永　契一郎	履修条件あり（ピアノ経験者）	36	7	2	7	0	0	0	0
73712.01	自由履修科目	Unityゲーム開発演習	水3	東　昭孝	全学生	40	37	12	27	6	4	0	0
73B00a.101	ＧＳ科目	クリティカル・シンキング（英語クラス）	木2	DALISSIER MICHEL PIERRE EDOUARD	全学生（共通教育科目に係る卒業要件未充足の2年以上優先）	90	38	3	25	8	1	2	2
73B00a.102	ＧＳ科目	クリティカル・シンキング（英語クラス）	木3	DALISSIER MICHEL PIERRE EDOUARD	全学生（共通教育科目に係る卒業要件未充足の2年以上優先）	90	51	4	27	16	4	4	0
73C00a.101	ＧＳ科目	価値と情動の認知科学	月1	松井　三枝	全学生（共通教育科目に係る卒業要件未充足の2年以上優先）	99	241	84	186	55	0	0	0
73C00a.102	ＧＳ科目	価値と情動の認知科学	水1	松井　三枝	全学生（共通教育科目に係る卒業要件未充足の2年以上優先）	99	270	86	220	44	6	0	0
73C00a.103	ＧＳ科目	価値と情動の認知科学	月3	安永　大地	全学生（共通教育科目に係る卒業要件未充足の2年以上優先）	99	225	80	133	54	32	5	1
73C00a.104	ＧＳ科目	価値と情動の認知科学	木3	堀田　優子	全学生（共通教育科目に係る卒業要件未充足の2年以上優先）	99	318	108	240	60	12	5	1
73E00a.101	ＧＳ科目	芸術と自己表現	水2	江藤　望	全学生（共通教育科目に係る卒業要件未充足の2年以上優先）	82	182	46	92	61	27	2	0
73E00a.102	ＧＳ科目	芸術と自己表現	火2	鷲山　靖	全学生（共通教育科目に係る卒業要件未充足の2年以上優先）	82	152	31	78	43	22	7	2
73E00a.103	ＧＳ科目	芸術と自己表現	水3	小野　隆太	全学生（共通教育科目に係る卒業要件未充足の2年以上優先）	82	309	110	216	64	21	7	1
73E00a.104	ＧＳ科目	芸術と自己表現	水4	小野　隆太	全学生（共通教育科目に係る卒業要件未充足の2年以上優先）	82	228	64	137	71	17	3	0
73E00a.105	ＧＳ科目	芸術と自己表現	水2	大村　雅章	全学生（学校教育学類1年及び共通教育科目に係る卒業要件未充足の2年以上優先）	82	210	68	116	79	12	3	0
73E00a.106	ＧＳ科目	芸術と自己表現	火2	池上　貴之	全学生（共通教育科目に係る卒業要件未充足の2年以上優先）	82	87	11	30	35	14	8	0
73E00a.107	ＧＳ科目	芸術と自己表現	火2	西島　千尋	全学生（共通教育科目に係る卒業要件未充足の2年以上優先）	82	228	120	162	51	10	2	3
73E00a.108	ＧＳ科目	芸術と自己表現	水2	安藤　常光	全学生（共通教育科目に係る卒業要件未充足の2年以上優先）	82	223	87	153	40	29	1	0
73F0i.101	ＧＳ科目	スポーツ科学／身体運動心理学Ⅰ	金2	村山　孝之	全学生（共通教育科目に係る卒業要件未充足の2年以上優先）	85	305	109	232	64	9	0	0
73F0k.101	ＧＳ科目	スポーツ科学／スポーツ健康科学入門Ⅰ	水2	津田　龍佑	全学生（共通教育科目に係る卒業要件未充足の2年以上優先）	75	208	68	143	46	11	6	2
73F0m.101	ＧＳ科目	スポーツ科学／身体運動の神経制御Ⅰ	水4	木村　岳裕	全学生（共通教育科目に係る卒業要件未充足の2年以上優先）	85	194	57	128	38	24	4	0
74125.101	ＧＳ言語科目	TOEIC準備（演習）	月5	澤田　茂保	未履修または「放棄」の2年以上限定	40	55	34	53	2	0	0	0
74125.102	ＧＳ言語科目	TOEIC準備（演習）	水5	西嶋　愉一	未履修または「放棄」の2年以上限定	40	42	10	38	4	0	0	0
74125.103	ＧＳ言語科目	TOEIC準備（演習）	金5	澤田　茂保	未履修または「放棄」の2年以上限定	40	51	22	51	0	0	0	0
74135.101	ＧＳ言語科目	EAP（Retake）	月5	大藪　加奈	2年以上限定・未修得者のみ	35	48	20	42	6	0	0	0
74135.102	ＧＳ言語科目	EAP（Retake）	火3	河田　英介	2年以上限定・未修得者のみ	35	45	25	42	3	0	0	0
74135.103	ＧＳ言語科目	EAP（Retake）	火5	家口　美智子	2年以上限定・未修得者のみ	35	71	46	70	1	0	0	0
74135.104	ＧＳ言語科目	EAP（Retake）	水3	家口　美智子	2年以上限定・未修得者のみ	35	0	0	0	0	0	0	0
74135.105	ＧＳ言語科目	EAP（Retake）	水5	大藪　加奈	2年以上限定・未修得者のみ	35	33	10	31	1	1	0	0
74135.106	ＧＳ言語科目	EAP（Retake）	木4	菅野　磨美	2年以上限定・未修得者のみ	35	50	18	49	1	0	0	0
7421a.001	言語科目Ａ	ドイツ語Ａ１－１	月5	早川　文人	全学生（先導、観光、人文、法、経済、地域、国際、総合（文）の共通教育科目に係る卒業要件未充足の2年以上優先、次いでこれらの学類の1年優先）	26	13	3	9	3	1	0	0
7421a.B01	言語科目Ａ	ドイツ語Ａ１－１	火2	早川　文人	先導、観光、人文、法、経済、地域、国際、総合（文）の共通教育科目に係る卒業要件未充足の2年以上優先	4	0	0	0	0	0	0	0
7421a.B02	言語科目Ａ	ドイツ語Ａ１－１	火2	佐藤　文彦	先導、観光、人文、法、経済、地域、国際、総合（文）の共通教育科目に係る卒業要件未充足の2年以上優先	4	2	0	2	0	0	0	0
7421a.B03	言語科目Ａ	ドイツ語Ａ１－１	木4	早川　文人	先導、観光、人文、法、経済、地域、国際、総合（文）の共通教育科目に係る卒業要件未充足の2年以上優先	4	0	0	0	0	0	0	0
7421a.B04	言語科目Ａ	ドイツ語Ａ１－１	木4	髙橋　麻帆	先導、観光、人文、法、経済、地域、国際、総合（文）の共通教育科目に係る卒業要件未充足の2年以上優先	4	0	0	0	0	0	0	0
7421a.B05	言語科目Ａ	ドイツ語Ａ１－１	木4	佐藤　文彦	先導、観光、人文、法、経済、地域、国際、総合（文）の共通教育科目に係る卒業要件未充足の2年以上優先	4	0	0	0	0	0	0	0
7421a.D01	言語科目Ａ	ドイツ語Ａ１－１	火3	早川　文人	先導、観光、人文、法、経済、地域、国際、総合（文）の共通教育科目に係る卒業要件未充足の2年以上優先	4	0	0	0	0	0	0	0
7421a.D02	言語科目Ａ	ドイツ語Ａ１－１	木3	髙橋　麻帆	先導、観光、人文、法、経済、地域、国際、総合（文）の共通教育科目に係る卒業要件未充足の2年以上優先	4	0	0	0	0	0	0	0
7421a.D03	言語科目Ａ	ドイツ語Ａ１－１	木3	早川　文人	先導、観光、人文、法、経済、地域、国際、総合（文）の共通教育科目に係る卒業要件未充足の2年以上優先	4	0	0	0	0	0	0	0
7421a.D04	言語科目Ａ	ドイツ語Ａ１－１	火3	髙橋　麻帆	先導、観光、人文、法、経済、地域、国際、総合（文）の共通教育科目に係る卒業要件未充足の2年以上優先	4	1	1	1	0	0	0	0
7421c.001	言語科目Ａ	ドイツ語Ａ２－１	水5	KLACANSKA JANA	全学生（先導、観光、人文、法、経済、地域、国際、総合（文）の共通教育科目に係る卒業要件未充足の2年以上優先、次いでこれらの学類の1年優先）	26	13	4	9	3	1	0	0
7421c.B01	言語科目Ａ	ドイツ語Ａ２－１	木4	KLACANSKA JANA	先導、観光、人文、法、経済、地域、国際、総合（文）の共通教育科目に係る卒業要件未充足の2年以上優先	4	2	0	2	0	0	0	0
7421c.B02	言語科目Ａ	ドイツ語Ａ２－１	木4	THELEN TIMO	先導、観光、人文、法、経済、地域、国際、総合（文）の共通教育科目に係る卒業要件未充足の2年以上優先	4	1	0	1	0	0	0	0
7421c.B03	言語科目Ａ	ドイツ語Ａ２－１	火2	KLACANSKA JANA	先導、観光、人文、法、経済、地域、国際、総合（文）の共通教育科目に係る卒業要件未充足の2年以上優先	4	0	0	0	0	0	0	0
7421c.B04	言語科目Ａ	ドイツ語Ａ２－１	火2	THELEN TIMO	先導、観光、人文、法、経済、地域、国際、総合（文）の共通教育科目に係る卒業要件未充足の2年以上優先	4	1	0	1	0	0	0	0
7421c.B05	言語科目Ａ	ドイツ語Ａ２－１	火2	仲正　昌樹	先導、観光、人文、法、経済、地域、国際、総合（文）の共通教育科目に係る卒業要件未充足の2年以上優先	4	0	0	0	0	0	0	0
7421c.D01	言語科目Ａ	ドイツ語Ａ２－１	木3	KLACANSKA JANA	先導、観光、人文、法、経済、地域、国際、総合（文）の共通教育科目に係る卒業要件未充足の2年以上優先	4	0	0	0	0	0	0	0
7421c.D02	言語科目Ａ	ドイツ語Ａ２－１	火3	BITTMANN HEIKO	先導、観光、人文、法、経済、地域、国際、総合（文）の共通教育科目に係る卒業要件未充足の2年以上優先	4	0	0	0	0	0	0	0
7421c.D03	言語科目Ａ	ドイツ語Ａ２－１	火3	KLACANSKA JANA	先導、観光、人文、法、経済、地域、国際、総合（文）の共通教育科目に係る卒業要件未充足の2年以上優先	4	1	0	1	0	0	0	0
7421c.D04	言語科目Ａ	ドイツ語Ａ２－１	木3	仲正　昌樹	先導、観光、人文、法、経済、地域、国際、総合（文）の共通教育科目に係る卒業要件未充足の2年以上優先	4	0	0	0	0	0	0	0
7421i.001	言語科目Ａ	ドイツ語基礎１	月5	早川　文人	全学生（先導、観光、人文、法、経済、地域、国際、総合（文）の共通教育科目に係る卒業要件未充足の2年以上優先、次いでこれらの学類の1年優先）	26	13	3	9	3	1	0	0
7421i.B01	言語科目Ａ	ドイツ語基礎１	火2	早川　文人	先導、観光、人文、法、経済、地域、国際、総合（文）の共通教育科目に係る卒業要件未充足の2年以上優先	4	0	0	0	0	0	0	0
7421i.B02	言語科目Ａ	ドイツ語基礎１	火2	佐藤　文彦	先導、観光、人文、法、経済、地域、国際、総合（文）の共通教育科目に係る卒業要件未充足の2年以上優先	4	2	0	2	0	0	0	0
7421i.B03	言語科目Ａ	ドイツ語基礎１	木4	早川　文人	先導、観光、人文、法、経済、地域、国際、総合（文）の共通教育科目に係る卒業要件未充足の2年以上優先	4	0	0	0	0	0	0	0
7421i.B04	言語科目Ａ	ドイツ語基礎１	木4	髙橋　麻帆	先導、観光、人文、法、経済、地域、国際、総合（文）の共通教育科目に係る卒業要件未充足の2年以上優先	4	0	0	0	0	0	0	0
7421i.B05	言語科目Ａ	ドイツ語基礎１	木4	佐藤　文彦	先導、観光、人文、法、経済、地域、国際、総合（文）の共通教育科目に係る卒業要件未充足の2年以上優先	4	0	0	0	0	0	0	0
7421i.D01	言語科目Ａ	ドイツ語基礎１	火3	早川　文人	先導、観光、人文、法、経済、地域、国際、総合（文）の共通教育科目に係る卒業要件未充足の2年以上優先	4	0	0	0	0	0	0	0
7421i.D02	言語科目Ａ	ドイツ語基礎１	木3	髙橋　麻帆	先導、観光、人文、法、経済、地域、国際、総合（文）の共通教育科目に係る卒業要件未充足の2年以上優先	4	0	0	0	0	0	0	0
7421i.D03	言語科目Ａ	ドイツ語基礎１	木3	早川　文人	先導、観光、人文、法、経済、地域、国際、総合（文）の共通教育科目に係る卒業要件未充足の2年以上優先	4	0	0	0	0	0	0	0
7421i.D04	言語科目Ａ	ドイツ語基礎１	火3	髙橋　麻帆	先導、観光、人文、法、経済、地域、国際、総合（文）の共通教育科目に係る卒業要件未充足の2年以上優先	4	1	1	1	0	0	0	0
7421m.001	言語科目Ａ	ドイツ語実践基礎１	水5	KLACANSKA JANA	全学生（先導、観光、人文、法、経済、地域、国際、総合（文）の共通教育科目に係る卒業要件未充足の2年以上優先、次いでこれらの学類の1年優先）	26	13	4	9	3	1	0	0
7421m.B01	言語科目Ａ	ドイツ語実践基礎１	木4	KLACANSKA JANA	先導、観光、人文、法、経済、地域、国際、総合（文）の共通教育科目に係る卒業要件未充足の2年以上優先	4	2	0	2	0	0	0	0
7421m.B02	言語科目Ａ	ドイツ語実践基礎１	木4	THELEN TIMO	先導、観光、人文、法、経済、地域、国際、総合（文）の共通教育科目に係る卒業要件未充足の2年以上優先	4	1	0	1	0	0	0	0
7421m.B03	言語科目Ａ	ドイツ語実践基礎１	火2	KLACANSKA JANA	先導、観光、人文、法、経済、地域、国際、総合（文）の共通教育科目に係る卒業要件未充足の2年以上優先	4	0	0	0	0	0	0	0
7421m.B04	言語科目Ａ	ドイツ語実践基礎１	火2	THELEN TIMO	先導、観光、人文、法、経済、地域、国際、総合（文）の共通教育科目に係る卒業要件未充足の2年以上優先	4	1	0	1	0	0	0	0
7421m.B05	言語科目Ａ	ドイツ語実践基礎１	火2	仲正　昌樹	先導、観光、人文、法、経済、地域、国際、総合（文）の共通教育科目に係る卒業要件未充足の2年以上優先	4	0	0	0	0	0	0	0
7421m.D01	言語科目Ａ	ドイツ語実践基礎１	木3	KLACANSKA JANA	先導、観光、人文、法、経済、地域、国際、総合（文）の共通教育科目に係る卒業要件未充足の2年以上優先	4	0	0	0	0	0	0	0
7421m.D02	言語科目Ａ	ドイツ語実践基礎１	火3	BITTMANN HEIKO	先導、観光、人文、法、経済、地域、国際、総合（文）の共通教育科目に係る卒業要件未充足の2年以上優先	4	0	0	0	0	0	0	0
7421m.D03	言語科目Ａ	ドイツ語実践基礎１	火3	KLACANSKA JANA	先導、観光、人文、法、経済、地域、国際、総合（文）の共通教育科目に係る卒業要件未充足の2年以上優先	4	1	0	1	0	0	0	0
7421m.D04	言語科目Ａ	ドイツ語実践基礎１	木3	仲正　昌樹	先導、観光、人文、法、経済、地域、国際、総合（文）の共通教育科目に係る卒業要件未充足の2年以上優先	4	0	0	0	0	0	0	0
7421q.A	言語科目Ａ	ドイツ語基礎・実践基礎（抽選用）	火2,木4	未定	1年人文、法、国際限定	110	317	66	105	72	67	48	25
7421q.C	言語科目Ａ	ドイツ語基礎・実践基礎（抽選用）	火3,木3	未定	1年先導、観光、経済、地域、総合（文）限定	88	248	26	46	55	60	47	40
7422a.001	言語科目Ｂ	ドイツ語Ｂ－１	月5	KLACANSKA JANA	2年以上限定	26	3	0	3	0	0	0	0
7422a.002	言語科目Ｂ	ドイツ語Ｂ－１	水5	早川　文人	2年以上限定	26	8	3	8	0	0	0	0
7422c.001	言語科目Ｂ	ドイツ語展開Ⅰ	月5	KLACANSKA JANA	2年以上限定	26	3	0	3	0	0	0	0
7422c.002	言語科目Ｂ	ドイツ語展開Ⅰ	水5	早川　文人	2年以上限定	26	8	3	8	0	0	0	0
7431a.001	言語科目Ａ	フランス語Ａ１－１	月5	佐藤　朋子	全学生（先導、観光、人文、法、経済、地域、国際、総合（文）の共通教育科目に係る卒業要件未充足の2年以上優先、次いでこれらの学類の1年優先）	26	8	3	4	3	1	0	0
7431a.B01	言語科目Ａ	フランス語Ａ１－１	火2	岩津　航	先導、観光、人文、法、経済、地域、国際、総合（文）の共通教育科目に係る卒業要件未充足の2年以上優先	4	0	0	0	0	0	0	0
7431a.B02	言語科目Ａ	フランス語Ａ１－１	火2	南　コニー	先導、観光、人文、法、経済、地域、国際、総合（文）の共通教育科目に係る卒業要件未充足の2年以上優先	4	0	0	0	0	0	0	0
7431a.B03	言語科目Ａ	フランス語Ａ１－１	木4	南　コニー	先導、観光、人文、法、経済、地域、国際、総合（文）の共通教育科目に係る卒業要件未充足の2年以上優先	4	0	0	0	0	0	0	0
7431a.D01	言語科目Ａ	フランス語Ａ１－１	火3	岩津　航	先導、観光、人文、法、経済、地域、国際、総合（文）の共通教育科目に係る卒業要件未充足の2年以上優先	4	1	0	0	1	0	0	0
7431a.D02	言語科目Ａ	フランス語Ａ１－１	火3	佐藤　朋子	先導、観光、人文、法、経済、地域、国際、総合（文）の共通教育科目に係る卒業要件未充足の2年以上優先	4	2	1	2	0	0	0	0
7431c.001	言語科目Ａ	フランス語Ａ２－１	水5	佐藤　朋子	全学生（先導、観光、人文、法、経済、地域、国際、総合（文）の共通教育科目に係る卒業要件未充足の2年以上優先、次いでこれらの学類の1年優先）	26	6	0	1	4	1	0	0
7431c.B01	言語科目Ａ	フランス語Ａ２－１	木4	MENOU LOIC HENRI PAUL	先導、観光、人文、法、経済、地域、国際、総合（文）の共通教育科目に係る卒業要件未充足の2年以上優先	4	0	0	0	0	0	0	0
7431c.B02	言語科目Ａ	フランス語Ａ２－１	木4	佐藤　朋子	先導、観光、人文、法、経済、地域、国際、総合（文）の共通教育科目に係る卒業要件未充足の2年以上優先	4	1	0	1	0	0	0	0
7431c.B03	言語科目Ａ	フランス語Ａ２－１	火2	佐藤　朋子	先導、観光、人文、法、経済、地域、国際、総合（文）の共通教育科目に係る卒業要件未充足の2年以上優先	4	0	0	0	0	0	0	0
7431c.D01	言語科目Ａ	フランス語Ａ２－１	木3	MENOU LOIC HENRI PAUL	先導、観光、人文、法、経済、地域、国際、総合（文）の共通教育科目に係る卒業要件未充足の2年以上優先	4	1	0	1	0	0	0	0
7431c.D02	言語科目Ａ	フランス語Ａ２－１	木3	佐藤　朋子	先導、観光、人文、法、経済、地域、国際、総合（文）の共通教育科目に係る卒業要件未充足の2年以上優先	4	1	0	1	0	0	0	0
7431i.001	言語科目Ａ	フランス語基礎１	月5	佐藤　朋子	全学生（先導、観光、人文、法、経済、地域、国際、総合（文）の共通教育科目に係る卒業要件未充足の2年以上優先、次いでこれらの学類の1年優先）	26	8	3	4	3	1	0	0
7431i.B01	言語科目Ａ	フランス語基礎１	火2	岩津　航	先導、観光、人文、法、経済、地域、国際、総合（文）の共通教育科目に係る卒業要件未充足の2年以上優先	4	0	0	0	0	0	0	0
7431i.B02	言語科目Ａ	フランス語基礎１	火2	南　コニー	先導、観光、人文、法、経済、地域、国際、総合（文）の共通教育科目に係る卒業要件未充足の2年以上優先	4	0	0	0	0	0	0	0
7431i.B03	言語科目Ａ	フランス語基礎１	木4	南　コニー	先導、観光、人文、法、経済、地域、国際、総合（文）の共通教育科目に係る卒業要件未充足の2年以上優先	4	0	0	0	0	0	0	0
7431i.D01	言語科目Ａ	フランス語基礎１	火3	岩津　航	先導、観光、人文、法、経済、地域、国際、総合（文）の共通教育科目に係る卒業要件未充足の2年以上優先	4	1	0	0	1	0	0	0
7431i.D02	言語科目Ａ	フランス語基礎１	火3	佐藤　朋子	先導、観光、人文、法、経済、地域、国際、総合（文）の共通教育科目に係る卒業要件未充足の2年以上優先	4	2	1	2	0	0	0	0
7431m.001	言語科目Ａ	フランス語実践基礎１	水5	佐藤　朋子	全学生（先導、観光、人文、法、経済、地域、国際、総合（文）の共通教育科目に係る卒業要件未充足の2年以上優先、次いでこれらの学類の1年優先）	26	6	0	1	4	1	0	0
7431m.B01	言語科目Ａ	フランス語実践基礎１	木4	MENOU LOIC HENRI PAUL	先導、観光、人文、法、経済、地域、国際、総合（文）の共通教育科目に係る卒業要件未充足の2年以上優先	4	0	0	0	0	0	0	0
7431m.B02	言語科目Ａ	フランス語実践基礎１	木4	佐藤　朋子	先導、観光、人文、法、経済、地域、国際、総合（文）の共通教育科目に係る卒業要件未充足の2年以上優先	4	1	0	1	0	0	0	0
7431m.B03	言語科目Ａ	フランス語実践基礎１	火2	佐藤　朋子	先導、観光、人文、法、経済、地域、国際、総合（文）の共通教育科目に係る卒業要件未充足の2年以上優先	4	0	0	0	0	0	0	0
7431m.D01	言語科目Ａ	フランス語実践基礎１	木3	MENOU LOIC HENRI PAUL	先導、観光、人文、法、経済、地域、国際、総合（文）の共通教育科目に係る卒業要件未充足の2年以上優先	4	1	0	1	0	0	0	0
7431m.D02	言語科目Ａ	フランス語実践基礎１	木3	佐藤　朋子	先導、観光、人文、法、経済、地域、国際、総合（文）の共通教育科目に係る卒業要件未充足の2年以上優先	4	1	0	1	0	0	0	0
7431q.A	言語科目Ａ	フランス語基礎・実践基礎（抽選用）	火2,木4	未定	1年人文、法、国際限定	66	309	39	59	101	64	51	34
7431q.C	言語科目Ａ	フランス語基礎・実践基礎（抽選用）	火3,木3	未定	1年先導、観光、経済、地域、総合（文）限定	44	245	31	43	56	56	49	41
7432a.001	言語科目Ｂ	フランス語Ｂ－１	月5	MENOU LOIC HENRI PAUL	2年以上限定	26	2	0	2	0	0	0	0
7432a.002	言語科目Ｂ	フランス語Ｂ－１	水5	MENOU LOIC HENRI PAUL	2年以上限定	26	1	0	1	0	0	0	0
7432c.001	言語科目Ｂ	フランス語展開Ⅰ	月5	MENOU LOIC HENRI PAUL	2年以上限定	26	2	0	2	0	0	0	0
7432c.002	言語科目Ｂ	フランス語展開Ⅰ	水5	MENOU LOIC HENRI PAUL	2年以上限定	26	1	0	1	0	0	0	0
7451a.001	言語科目Ａ	中国語Ａ１－１	月5	未定	全学生（先導、観光、人文、法、経済、地域、国際、総合（文）の共通教育科目に係る卒業要件未充足の2年以上優先、次いでこれらの学類の1年優先）	26	9	0	7	2	0	0	0
7451a.B01	言語科目Ａ	中国語Ａ１－１	火2	上田　望	先導、観光、人文、法、経済、地域、国際、総合（文）の共通教育科目に係る卒業要件未充足の2年以上優先	4	0	0	0	0	0	0	0
7451a.B02	言語科目Ａ	中国語Ａ１－１	火2	加納　希美	先導、観光、人文、法、経済、地域、国際、総合（文）の共通教育科目に係る卒業要件未充足の2年以上優先	4	1	1	1	0	0	0	0
7451a.B03	言語科目Ａ	中国語Ａ１－１	火2	村田　順子	先導、観光、人文、法、経済、地域、国際、総合（文）の共通教育科目に係る卒業要件未充足の2年以上優先	4	1	0	1	0	0	0	0
7451a.B04	言語科目Ａ	中国語Ａ１－１	木4	未定	先導、観光、人文、法、経済、地域、国際、総合（文）の共通教育科目に係る卒業要件未充足の2年以上優先	4	1	0	1	0	0	0	0
7451a.D01	言語科目Ａ	中国語Ａ１－１	火3	山田　從子	先導、観光、人文、法、経済、地域、国際、総合（文）の共通教育科目に係る卒業要件未充足の2年以上優先	4	0	0	0	0	0	0	0
7451a.D02	言語科目Ａ	中国語Ａ１－１	火3	未定	先導、観光、人文、法、経済、地域、国際、総合（文）の共通教育科目に係る卒業要件未充足の2年以上優先	4	1	0	1	0	0	0	0
7451a.D03	言語科目Ａ	中国語Ａ１－１	火3	未定	先導、観光、人文、法、経済、地域、国際、総合（文）の共通教育科目に係る卒業要件未充足の2年以上優先	4	0	0	0	0	0	0	0
7451a.D04	言語科目Ａ	中国語Ａ１－１	木3	未定	先導、観光、人文、法、経済、地域、国際、総合（文）の共通教育科目に係る卒業要件未充足の2年以上優先	4	3	1	3	0	0	0	0
7451a.D05	言語科目Ａ	中国語Ａ１－１	木3	山田　從子	先導、観光、人文、法、経済、地域、国際、総合（文）の共通教育科目に係る卒業要件未充足の2年以上優先	4	1	0	0	1	0	0	0
7451c.001	言語科目Ａ	中国語Ａ２－１	水5	趙　菁	全学生（先導、観光、人文、法、経済、地域、国際、総合（文）の共通教育科目に係る卒業要件未充足の2年以上優先、次いでこれらの学類の1年優先）	26	6	0	5	1	0	0	0
7451c.B01	言語科目Ａ	中国語Ａ２－１	木4	艾　玉霞	先導、観光、人文、法、経済、地域、国際、総合（文）の共通教育科目に係る卒業要件未充足の2年以上優先	4	0	0	0	0	0	0	0
7451c.B02	言語科目Ａ	中国語Ａ２－１	木4	趙　菁	先導、観光、人文、法、経済、地域、国際、総合（文）の共通教育科目に係る卒業要件未充足の2年以上優先	4	2	0	2	0	0	0	0
7451c.B03	言語科目Ａ	中国語Ａ２－１	木4	李　偉	先導、観光、人文、法、経済、地域、国際、総合（文）の共通教育科目に係る卒業要件未充足の2年以上優先	4	0	0	0	0	0	0	0
7451c.B04	言語科目Ａ	中国語Ａ２－１	火2	趙　菁	先導、観光、人文、法、経済、地域、国際、総合（文）の共通教育科目に係る卒業要件未充足の2年以上優先	4	0	0	0	0	0	0	0
7451c.D01	言語科目Ａ	中国語Ａ２－１	木3	趙　菁	先導、観光、人文、法、経済、地域、国際、総合（文）の共通教育科目に係る卒業要件未充足の2年以上優先	4	0	0	0	0	0	0	0
7451c.D02	言語科目Ａ	中国語Ａ２－１	木3	李　偉	先導、観光、人文、法、経済、地域、国際、総合（文）の共通教育科目に係る卒業要件未充足の2年以上優先	4	0	0	0	0	0	0	0
7451c.D03	言語科目Ａ	中国語Ａ２－１	木3	艾　玉霞	先導、観光、人文、法、経済、地域、国際、総合（文）の共通教育科目に係る卒業要件未充足の2年以上優先	4	1	0	1	0	0	0	0
7451c.D04	言語科目Ａ	中国語Ａ２－１	火3	趙　菁	先導、観光、人文、法、経済、地域、国際、総合（文）の共通教育科目に係る卒業要件未充足の2年以上優先	4	4	1	4	0	0	0	0
7451c.D05	言語科目Ａ	中国語Ａ２－１	火3	李　偉	先導、観光、人文、法、経済、地域、国際、総合（文）の共通教育科目に係る卒業要件未充足の2年以上優先	4	0	0	0	0	0	0	0
7451i.001	言語科目Ａ	中国語基礎１	月5	関　泉子	全学生（先導、観光、人文、法、経済、地域、国際、総合（文）の共通教育科目に係る卒業要件未充足の2年以上優先、次いでこれらの学類の1年優先）	26	9	0	7	2	0	0	0
7451i.B01	言語科目Ａ	中国語基礎１	火2	上田　望	先導、観光、人文、法、経済、地域、国際、総合（文）の共通教育科目に係る卒業要件未充足の2年以上優先	4	0	0	0	0	0	0	0
7451i.B02	言語科目Ａ	中国語基礎１	火2	加納　希美	先導、観光、人文、法、経済、地域、国際、総合（文）の共通教育科目に係る卒業要件未充足の2年以上優先	4	1	1	1	0	0	0	0
7451i.B03	言語科目Ａ	中国語基礎１	火2	村田　順子	先導、観光、人文、法、経済、地域、国際、総合（文）の共通教育科目に係る卒業要件未充足の2年以上優先	4	1	0	1	0	0	0	0
7451i.B04	言語科目Ａ	中国語基礎１	木4	山田　眞一	先導、観光、人文、法、経済、地域、国際、総合（文）の共通教育科目に係る卒業要件未充足の2年以上優先	4	1	0	1	0	0	0	0
7451i.D01	言語科目Ａ	中国語基礎１	火3	山田　從子	先導、観光、人文、法、経済、地域、国際、総合（文）の共通教育科目に係る卒業要件未充足の2年以上優先	4	0	0	0	0	0	0	0
7451i.D02	言語科目Ａ	中国語基礎１	火3	山田　眞一	先導、観光、人文、法、経済、地域、国際、総合（文）の共通教育科目に係る卒業要件未充足の2年以上優先	4	1	0	1	0	0	0	0
7451i.D03	言語科目Ａ	中国語基礎１	火3	黒田　譜美	先導、観光、人文、法、経済、地域、国際、総合（文）の共通教育科目に係る卒業要件未充足の2年以上優先	4	0	0	0	0	0	0	0
7451i.D04	言語科目Ａ	中国語基礎１	木3	山田　眞一	先導、観光、人文、法、経済、地域、国際、総合（文）の共通教育科目に係る卒業要件未充足の2年以上優先	4	3	1	3	0	0	0	0
7451i.D05	言語科目Ａ	中国語基礎１	木3	山田　從子	先導、観光、人文、法、経済、地域、国際、総合（文）の共通教育科目に係る卒業要件未充足の2年以上優先	4	1	0	0	1	0	0	0
7451m.001	言語科目Ａ	中国語実践基礎１	水5	趙　菁	全学生（先導、観光、人文、法、経済、地域、国際、総合（文）の共通教育科目に係る卒業要件未充足の2年以上優先、次いでこれらの学類の1年優先）	26	6	0	5	1	0	0	0
7451m.B01	言語科目Ａ	中国語実践基礎１	木4	艾　玉霞	先導、観光、人文、法、経済、地域、国際、総合（文）の共通教育科目に係る卒業要件未充足の2年以上優先	4	0	0	0	0	0	0	0
7451m.B02	言語科目Ａ	中国語実践基礎１	木4	趙　菁	先導、観光、人文、法、経済、地域、国際、総合（文）の共通教育科目に係る卒業要件未充足の2年以上優先	4	2	0	2	0	0	0	0
7451m.B03	言語科目Ａ	中国語実践基礎１	木4	李　偉	先導、観光、人文、法、経済、地域、国際、総合（文）の共通教育科目に係る卒業要件未充足の2年以上優先	4	0	0	0	0	0	0	0
7451m.B04	言語科目Ａ	中国語実践基礎１	火2	趙　菁	先導、観光、人文、法、経済、地域、国際、総合（文）の共通教育科目に係る卒業要件未充足の2年以上優先	4	0	0	0	0	0	0	0
7451m.D01	言語科目Ａ	中国語実践基礎１	木3	趙　菁	先導、観光、人文、法、経済、地域、国際、総合（文）の共通教育科目に係る卒業要件未充足の2年以上優先	4	0	0	0	0	0	0	0
7451m.D02	言語科目Ａ	中国語実践基礎１	木3	李　偉	先導、観光、人文、法、経済、地域、国際、総合（文）の共通教育科目に係る卒業要件未充足の2年以上優先	4	0	0	0	0	0	0	0
7451m.D03	言語科目Ａ	中国語実践基礎１	木3	艾　玉霞	先導、観光、人文、法、経済、地域、国際、総合（文）の共通教育科目に係る卒業要件未充足の2年以上優先	4	1	0	1	0	0	0	0
7451m.D04	言語科目Ａ	中国語実践基礎１	火3	趙　菁	先導、観光、人文、法、経済、地域、国際、総合（文）の共通教育科目に係る卒業要件未充足の2年以上優先	4	4	1	4	0	0	0	0
7451m.D05	言語科目Ａ	中国語実践基礎１	火3	李　偉	先導、観光、人文、法、経済、地域、国際、総合（文）の共通教育科目に係る卒業要件未充足の2年以上優先	4	0	0	0	0	0	0	0
7451q.A	言語科目Ａ	中国語基礎・実践基礎（抽選用）	火2,木4	未定	1年人文、法、国際限定	88	297	50	71	51	56	73	46
7451q.C	言語科目Ａ	中国語基礎・実践基礎（抽選用）	火3,木3	未定	1年先導、観光、経済、地域、総合（文）限定	110	283	47	96	78	52	35	22
7452a.001	言語科目Ｂ	中国語Ｂ－１	水2	未定	2年以上限定	26	0	0	0	0	0	0	0
7452a.002	言語科目Ｂ	中国語Ｂ－１	月5	趙　菁	2年以上限定	26	7	3	7	0	0	0	0
7452c.001	言語科目Ｂ	中国語展開Ⅰ	水2	叶　文希	2年以上限定	26	0	0	0	0	0	0	0
7452c.002	言語科目Ｂ	中国語展開Ⅰ	月5	趙　菁	2年以上限定	26	7	3	7	0	0	0	0
7461a.001	言語科目Ａ	朝鮮語Ａ１－１	水5	飯倉　江里衣	全学生（先導、観光、人文、法、経済、地域、国際、総合（文）の共通教育科目に係る卒業要件未充足の2年以上優先、次いでこれらの学類の1年優先）	26	5	2	3	1	1	0	0
7461a.B01	言語科目Ａ	朝鮮語Ａ１－１	火2	飯倉　江里衣	先導、観光、人文、法、経済、地域、国際、総合（文）の共通教育科目に係る卒業要件未充足の2年以上優先	4	3	2	2	1	0	0	0
7461a.D01	言語科目Ａ	朝鮮語Ａ１－１	火3	飯倉　江里衣	先導、観光、人文、法、経済、地域、国際、総合（文）の共通教育科目に係る卒業要件未充足の2年以上優先	4	3	2	2	1	0	0	0
7461a.D02	言語科目Ａ	朝鮮語Ａ１－１	木3	飯倉　江里衣	先導、観光、人文、法、経済、地域、国際、総合（文）の共通教育科目に係る卒業要件未充足の2年以上優先	4	4	3	4	0	0	0	0
7461c.001	言語科目Ａ	朝鮮語Ａ２－１	月5	飯倉　江里衣	全学生（先導、観光、人文、法、経済、地域、国際、総合（文）の共通教育科目に係る卒業要件未充足の2年以上優先、次いでこれらの学類の1年優先）	26	1	0	0	1	0	0	0
7461c.B01	言語科目Ａ	朝鮮語Ａ２－１	木4	宋　有宰	先導、観光、人文、法、経済、地域、国際、総合（文）の共通教育科目に係る卒業要件未充足の2年以上優先	4	5	3	4	1	0	0	0
7461c.D01	言語科目Ａ	朝鮮語Ａ２－１	木3	宋　有宰	先導、観光、人文、法、経済、地域、国際、総合（文）の共通教育科目に係る卒業要件未充足の2年以上優先	4	2	0	1	1	0	0	0
7461c.D02	言語科目Ａ	朝鮮語Ａ２－１	火3	安　哉宣	先導、観光、人文、法、経済、地域、国際、総合（文）の共通教育科目に係る卒業要件未充足の2年以上優先	4	1	0	1	0	0	0	0
7461i.001	言語科目Ａ	朝鮮語基礎１	水5	飯倉　江里衣	全学生（先導、観光、人文、法、経済、地域、国際、総合（文）の共通教育科目に係る卒業要件未充足の2年以上優先、次いでこれらの学類の1年優先）	26	5	2	3	1	1	0	0
7461i.B01	言語科目Ａ	朝鮮語基礎１	火2	飯倉　江里衣	先導、観光、人文、法、経済、地域、国際、総合（文）の共通教育科目に係る卒業要件未充足の2年以上優先	4	3	2	2	1	0	0	0
7461i.D01	言語科目Ａ	朝鮮語基礎１	火3	飯倉　江里衣	先導、観光、人文、法、経済、地域、国際、総合（文）の共通教育科目に係る卒業要件未充足の2年以上優先	4	3	2	2	1	0	0	0
7461i.D02	言語科目Ａ	朝鮮語基礎１	木3	飯倉　江里衣	先導、観光、人文、法、経済、地域、国際、総合（文）の共通教育科目に係る卒業要件未充足の2年以上優先	4	4	3	4	0	0	0	0
7461m.001	言語科目Ａ	朝鮮語実践基礎１	月5	飯倉　江里衣	全学生（先導、観光、人文、法、経済、地域、国際、総合（文）の共通教育科目に係る卒業要件未充足の2年以上優先、次いでこれらの学類の1年優先）	26	1	0	0	1	0	0	0
7461m.B01	言語科目Ａ	朝鮮語実践基礎１	木4	宋　有宰	先導、観光、人文、法、経済、地域、国際、総合（文）の共通教育科目に係る卒業要件未充足の2年以上優先	4	5	3	4	1	0	0	0
7461m.D01	言語科目Ａ	朝鮮語実践基礎１	木3	宋　有宰	先導、観光、人文、法、経済、地域、国際、総合（文）の共通教育科目に係る卒業要件未充足の2年以上優先	4	2	0	1	1	0	0	0
7461m.D02	言語科目Ａ	朝鮮語実践基礎１	火3	安　哉宣	先導、観光、人文、法、経済、地域、国際、総合（文）の共通教育科目に係る卒業要件未充足の2年以上優先	4	1	0	1	0	0	0	0
7461q.A	言語科目Ａ	朝鮮語基礎・実践基礎（抽選用）	火2,木4	未定	1年人文、法、国際限定	22	281	45	57	37	44	43	100
7461q.C	言語科目Ａ	朝鮮語基礎・実践基礎（抽選用）	火3,木3	未定	1年先導、観光、経済、地域、総合（文）限定	44	257	66	78	51	39	36	53
7462a.001	言語科目Ｂ	朝鮮語Ｂ－１	月5	宋　有宰	2年以上限定	26	2	0	2	0	0	0	0
7462a.002	言語科目Ｂ	朝鮮語Ｂ－１	水5	宋　有宰	2年以上限定	26	6	0	6	0	0	0	0
7462c.001	言語科目Ｂ	朝鮮語展開Ⅰ	月5	宋　有宰	2年以上限定	26	2	0	2	0	0	0	0
7462c.002	言語科目Ｂ	朝鮮語展開Ⅰ	水5	宋　有宰	2年以上限定	26	6	0	6	0	0	0	0
7471a.001	言語科目Ａ	ギリシア語Ａ１－１	月5	入江　浩司	全学生（先導、観光、人文、法、経済、地域、国際、総合（文）の1年優先、次いでこれらの学類の共通教育科目に係る卒業要件未充足の2年以上優先）	26	14	5	11	3	0	0	0
7471e.001	言語科目Ａ	ギリシア語Ａ３－１	水5	入江　浩司	2年以上限定（先導、観光、人文、法、経済、地域、国際、総合（文）の共通教育科目に係る卒業要件未充足優先）	26	2	0	2	0	0	0	0
7471i.001	言語科目Ａ	ギリシア語基礎１	月5	入江　浩司	全学生（先導、観光、人文、法、経済、地域、国際、総合（文）の1年優先、次いでこれらの学類の共通教育科目に係る卒業要件未充足の2年以上優先）	26	14	5	11	3	0	0	0
7471m.001	言語科目Ａ	ギリシア語実践基礎１	水5	入江　浩司	2年以上限定（先導、観光、人文、法、経済、地域、国際、総合（文）の共通教育科目に係る卒業要件未充足優先）	26	2	0	2	0	0	0	0
7472a.001	言語科目Ｂ	ギリシア語Ｂ－１	火5	三浦　要	3年以上限定	26	2	1	2	0	0	0	0
7472c.001	言語科目Ｂ	ギリシア語展開Ⅰ	火5	三浦　要	3年以上限定	26	2	1	2	0	0	0	0
7481a.001	言語科目Ａ	ラテン語Ａ１－１	水5	RUNNER JACOB WAYNE	全学生（先導、観光、人文、法、経済、地域、国際、総合（文）の1年優先、次いでこれらの学類の共通教育科目に係る卒業要件未充足の2年以上優先）	26	18	6	17	0	0	1	0
7481e.001	言語科目Ａ	ラテン語Ａ３－１	月5	寺嶋　雅彦	2年以上限定（先導、観光、人文、法、経済、地域、国際、総合（文）の共通教育科目に係る卒業要件未充足優先）	26	6	0	6	0	0	0	0
7481i.001	言語科目Ａ	ラテン語基礎１	水5	RUNNER JACOB WAYNE	全学生（先導、観光、人文、法、経済、地域、国際、総合（文）の1年優先、次いでこれらの学類の共通教育科目に係る卒業要件未充足の2年以上優先）	26	18	6	17	0	0	1	0
7481m.001	言語科目Ａ	ラテン語実践基礎１	月5	寺嶋　雅彦	2年以上限定（先導、観光、人文、法、経済、地域、国際、総合（文）の共通教育科目に係る卒業要件未充足優先）	26	6	0	6	0	0	0	0
7482a.001	言語科目Ｂ	ラテン語Ｂ－１	月5	RUNNER JACOB WAYNE	3年以上限定	26	0	0	0	0	0	0	0
7482c.001	言語科目Ｂ	ラテン語展開Ⅰ	月5	RUNNER JACOB WAYNE	3年以上限定	26	0	0	0	0	0	0	0
7485a.B01	言語科目Ａ	スペイン語Ａ１－１	火2	雄谷　ソニア　啓子	先導、観光、人文、法、経済、地域、国際、総合（文）の共通教育科目に係る卒業要件未充足の2年以上優先	4	2	1	2	0	0	0	0
7485a.B02	言語科目Ａ	スペイン語Ａ１－１	火2	TORRA REVENTOS MARIA DE LA MERCE	先導、観光、人文、法、経済、地域、国際、総合（文）の共通教育科目に係る卒業要件未充足の2年以上優先	4	1	0	1	0	0	0	0
7485a.D01	言語科目Ａ	スペイン語Ａ１－１	火3	雄谷　ソニア　啓子	先導、観光、人文、法、経済、地域、国際、総合（文）の共通教育科目に係る卒業要件未充足の2年以上優先	4	3	1	2	1	0	0	0
7485a.D02	言語科目Ａ	スペイン語Ａ１－１	火3	TORRA REVENTOS MARIA DE LA MERCE	先導、観光、人文、法、経済、地域、国際、総合（文）の共通教育科目に係る卒業要件未充足の2年以上優先	4	0	0	0	0	0	0	0
7485c.B01	言語科目Ａ	スペイン語Ａ２－１	木4	雄谷　ソニア　啓子	先導、観光、人文、法、経済、地域、国際、総合（文）の共通教育科目に係る卒業要件未充足の2年以上優先	4	1	0	1	0	0	0	0
7485c.B02	言語科目Ａ	スペイン語Ａ２－１	木4	TORRA REVENTOS MARIA DE LA MERCE	先導、観光、人文、法、経済、地域、国際、総合（文）の共通教育科目に係る卒業要件未充足の2年以上優先	4	0	0	0	0	0	0	0
7485c.D01	言語科目Ａ	スペイン語Ａ２－１	木3	雄谷　ソニア　啓子	先導、観光、人文、法、経済、地域、国際、総合（文）の共通教育科目に係る卒業要件未充足の2年以上優先	4	3	2	3	0	0	0	0
7485c.D02	言語科目Ａ	スペイン語Ａ２－１	木3	TORRA REVENTOS MARIA DE LA MERCE	先導、観光、人文、法、経済、地域、国際、総合（文）の共通教育科目に係る卒業要件未充足の2年以上優先	4	1	0	1	0	0	0	0
7485i.B01	言語科目Ａ	スペイン語基礎１	火2	雄谷　ソニア　啓子	先導、観光、人文、法、経済、地域、国際、総合（文）の共通教育科目に係る卒業要件未充足の2年以上優先	4	2	1	2	0	0	0	0
7485i.B02	言語科目Ａ	スペイン語基礎１	火2	TORRA REVENTOS MARIA DE LA MERCE	先導、観光、人文、法、経済、地域、国際、総合（文）の共通教育科目に係る卒業要件未充足の2年以上優先	4	1	0	1	0	0	0	0
7485i.D01	言語科目Ａ	スペイン語基礎１	火3	雄谷　ソニア　啓子	先導、観光、人文、法、経済、地域、国際、総合（文）の共通教育科目に係る卒業要件未充足の2年以上優先	4	3	1	2	1	0	0	0
7485i.D02	言語科目Ａ	スペイン語基礎１	火3	TORRA REVENTOS MARIA DE LA MERCE	先導、観光、人文、法、経済、地域、国際、総合（文）の共通教育科目に係る卒業要件未充足の2年以上優先	4	0	0	0	0	0	0	0
7485m.B01	言語科目Ａ	スペイン語実践基礎１	木4	雄谷　ソニア　啓子	先導、観光、人文、法、経済、地域、国際、総合（文）の共通教育科目に係る卒業要件未充足の2年以上優先	4	1	0	1	0	0	0	0
7485m.B02	言語科目Ａ	スペイン語実践基礎１	木4	TORRA REVENTOS MARIA DE LA MERCE	先導、観光、人文、法、経済、地域、国際、総合（文）の共通教育科目に係る卒業要件未充足の2年以上優先	4	0	0	0	0	0	0	0
7485m.D01	言語科目Ａ	スペイン語実践基礎１	木3	雄谷　ソニア　啓子	先導、観光、人文、法、経済、地域、国際、総合（文）の共通教育科目に係る卒業要件未充足の2年以上優先	4	3	2	3	0	0	0	0
7485m.D02	言語科目Ａ	スペイン語実践基礎１	木3	TORRA REVENTOS MARIA DE LA MERCE	先導、観光、人文、法、経済、地域、国際、総合（文）の共通教育科目に係る卒業要件未充足の2年以上優先	4	1	0	1	0	0	0	0
7485q.A	言語科目Ａ	スペイン語基礎・実践基礎（抽選用）	火2,木4	未定	1年人文、法、国際限定	44	295	35	46	61	73	66	49
7485q.C	言語科目Ａ	スペイン語基礎・実践基礎（抽選用）	火3,木3	未定	1年先導、観光、経済、地域、総合（文）限定	44	282	70	90	67	58	41	26
7486a.001	言語科目Ｂ	スペイン語Ｂ－１	月5	雄谷　ソニア　啓子	2年以上限定	26	1	0	0	1	0	0	0
7486a.002	言語科目Ｂ	スペイン語Ｂ－１	水5	雄谷　ソニア　啓子	2年以上限定	26	0	0	0	0	0	0	0
7486c.001	言語科目Ｂ	スペイン語展開Ⅰ	月5	雄谷　ソニア　啓子	2年以上限定	26	1	0	0	1	0	0	0
7486c.002	言語科目Ｂ	スペイン語展開Ⅰ	水5	雄谷　ソニア　啓子	2年以上限定	26	0	0	0	0	0	0	0
7491a.001	言語科目Ａ	日本語Ａ１－１	月1	星　摩美	融合学域・国際学類で日本語能力を要件としない入学者選抜試験により入学した外国人留学生限定	26	0	0	0	0	0	0	0
7491b.001	言語科目Ａ	日本語Ａ１－２	火1	山中　里紗	融合学域・国際学類で日本語能力を要件としない入学者選抜試験により入学した外国人留学生限定	26	0	0	0	0	0	0	0
7491e.001	言語科目Ａ	日本語Ａ３－１	水1	未定	融合学域・国際学類で日本語能力を要件としない入学者選抜試験により入学した外国人留学生限定	26	0	0	0	0	0	0	0
7491f.001	言語科目Ａ	日本語Ａ３－２	金1	川島　ゆえ	融合学域・国際学類で日本語能力を要件としない入学者選抜試験により入学した外国人留学生限定	26	0	0	0	0	0	0	0
7491i.001	言語科目Ａ	日本語基礎１	月1	星　摩美	融合学域・国際学類で日本語能力を要件としない入学者選抜試験により入学した外国人留学生限定	26	0	0	0	0	0	0	0
7491j.001	言語科目Ａ	日本語基礎２	火1	山中　里紗	融合学域・国際学類で日本語能力を要件としない入学者選抜試験により入学した外国人留学生限定	26	0	0	0	0	0	0	0
7491k.001	言語科目Ａ	日本語基礎３	水1	中川　愛理	融合学域・国際学類で日本語能力を要件としない入学者選抜試験により入学した外国人留学生限定	26	0	0	0	0	0	0	0
7491l.001	言語科目Ａ	日本語基礎４	金1	川島　ゆえ	融合学域・国際学類で日本語能力を要件としない入学者選抜試験により入学した外国人留学生限定	26	0	0	0	0	0	0	0
74922.011	ＧＳ言語科目	アカデミック基礎日本語A	月5	深川　美帆	日本語を母語としない外国人留学生限定	15	6	1	6	0	0	0	0
74928.071	ＧＳ言語科目	講義の聴解A	火1	太田　亨	日本語を母語としない外国人留学生限定	15	2	0	2	0	0	0	0
74934.111	ＧＳ言語科目	上級読解ⅠA	金2	小島　莊一	日本語を母語としない外国人留学生限定	15	0	0	0	0	0	0	0
74938.133	ＧＳ言語科目	日本語で学ぶ論理A	火4	太田　亨	日本語を母語としない外国人留学生限定	15	0	0	0	0	0	0	0
74942.031	ＧＳ言語科目	アカデミック・ライティングA	月1	小島　莊一	日本語を母語としない外国人留学生限定	15	0	0	0	0	0	0	0
74946.001	ＧＳ言語科目	初中級会話Ａ	水2,金2	笹原　幸子	融合学域・国際学類で日本語能力を要件としない入学者選抜試験により入学した外国人留学生限定	15							
74956.001	ＧＳ言語科目	初級２－１A	月1	苗田　敏美	融合学域・国際学類で日本語能力を要件としない入学者選抜試験により入学した外国人留学生限定	15	0	0	0	0	0	0	0
74957.001	ＧＳ言語科目	初級２－２A	火1	未定	融合学域・国際学類で日本語能力を要件としない入学者選抜試験により入学した外国人留学生限定	15	0	0	0	0	0	0	0
74958.001	ＧＳ言語科目	初級２－３A	水1	苗田　敏美	融合学域・国際学類で日本語能力を要件としない入学者選抜試験により入学した外国人留学生限定	15	0	0	0	0	0	0	0
74959.001	ＧＳ言語科目	初級２－４A	金1	山中　里紗	融合学域・国際学類で日本語能力を要件としない入学者選抜試験により入学した外国人留学生限定	15	0	0	0	0	0	0	0
74964.001	ＧＳ言語科目	中級聴解A	火1	鶴町　佳子	融合学域・国際学類で日本語能力を要件としない入学者選抜試験により入学した外国人留学生および融合学域の３年次編入学生で日本語能力がN2レベルの外国人留学生限定	15	0	0	0	0	0	0	0
74966.001	ＧＳ言語科目	中上級聴解A	金1	小島　莊一	融合学域・国際学類で日本語能力を要件としない入学者選抜試験により入学した外国人留学生および融合学域の３年次編入学生で日本語能力がN2レベルの外国人留学生限定	15	0	0	0	0	0	0	0
74968.001	ＧＳ言語科目	速読A	月1	太田　亨	融合学域・国際学類で日本語能力を要件としない入学者選抜試験により入学した外国人留学生および融合学域の３年次編入学生で日本語能力がN2レベルの外国人留学生限定	15	0	0	0	0	0	0	0
74970.001	ＧＳ言語科目	中級作文A	木2	深川　美帆	融合学域・国際学類で日本語能力を要件としない入学者選抜試験により入学した外国人留学生および融合学域の３年次編入学生で日本語能力がN2レベルの外国人留学生限定	15	0	0	0	0	0	0	0
74972.001	ＧＳ言語科目	中上級作文A	月2	星　摩美	融合学域・国際学類で日本語能力を要件としない入学者選抜試験により入学した外国人留学生および融合学域の３年次編入学生で日本語能力がN2レベルの外国人留学生限定	15	0	0	0	0	0	0	0
74978.001	ＧＳ言語科目	漢字・語彙１A	木2	山中　里紗	融合学域・国際学類で日本語能力を要件としない入学者選抜試験により入学した外国人留学生限定	15	0	0	0	0	0	0	0
74980.001	ＧＳ言語科目	漢字・語彙２A	木2	田中　由紀子	融合学域・国際学類で日本語能力を要件としない入学者選抜試験により入学した外国人留学生限定	15	0	0	0	0	0	0	0
74982.001	ＧＳ言語科目	漢字・語彙３A	木1	山中　里紗	融合学域・国際学類で日本語能力を要件としない入学者選抜試験により入学した外国人留学生および融合学域の３年次編入学生で日本語能力がN2レベルの外国人留学生限定	15	0	0	0	0	0	0	0
74984.001	ＧＳ言語科目	漢字・語彙４A	木1	河内　由紀子	融合学域・国際学類で日本語能力を要件としない入学者選抜試験により入学した外国人留学生および融合学域の３年次編入学生で日本語能力がN2レベルの外国人留学生限定	15	0	0	0	0	0	0	0
74986.001	ＧＳ言語科目	漢字・語彙５A	木2	河内　由紀子	融合学域・国際学類で日本語能力を要件としない入学者選抜試験により入学した外国人留学生および融合学域の３年次編入学生で日本語能力がN2レベルの外国人留学生限定	15	0	0	0	0	0	0	0
74990.001	ＧＳ言語科目	中級会話Ａ	水2	鶴町　佳子	融合学域・国際学類で日本語能力を要件としない入学者選抜試験により入学した外国人留学生および融合学域の３年次編入学生で日本語能力がN2レベルの外国人留学生限定	15	0	0	0	0	0	0	0
74992.001	ＧＳ言語科目	中上級会話Ａ	水2	岡本　さや子	融合学域・国際学類で日本語能力を要件としない入学者選抜試験により入学した外国人留学生および融合学域の３年次編入学生で日本語能力がN2レベルの外国人留学生限定	15	0	0	0	0	0	0	0
74A01.101	ＧＳ科目	地域社会と文化人類学	火2	大澤　隆将	全学生（共通教育科目に係る卒業要件未充足の2年以上優先）	99	57	7	30	17	8	2	0
74A01.102	ＧＳ科目	地域社会と文化人類学	水5	大澤　隆将	全学生（共通教育科目に係る卒業要件未充足の2年以上優先）	99	90	25	72	17	1	0	0
74A01.103	ＧＳ科目	地域社会と文化人類学（英語クラス）	木2	大澤　隆将	全学生（共通教育科目に係る卒業要件未充足の2年以上優先）	25	41	4	15	13	9	4	0
74A01.104	ＧＳ科目	地域社会と文化人類学	金5	大澤　隆将	全学生（共通教育科目に係る卒業要件未充足の2年以上優先）	99	87	22	87	0	0	0	0
74B00a.101	ＧＳ科目	日本史・日本文化	火2	小林　信介	全学生（共通教育科目に係る卒業要件未充足の2年以上優先）	90	166	67	111	33	15	4	3
74C00a.101	ＧＳ科目	異文化間コミュニケーション	月2	小林　恵美子	全学生（共通教育科目に係る卒業要件未充足の2年以上優先）	60	193	74	135	42	16	0	0
74C00a.102	ＧＳ科目	異文化間コミュニケーション	月3	小林　恵美子	全学生（共通教育科目に係る卒業要件未充足の2年以上優先）	60	151	52	78	43	21	4	5
74C00a.103	ＧＳ科目	異文化間コミュニケーション	月5	小林　恵美子	全学生（共通教育科目に係る卒業要件未充足の2年以上優先）	60	177	48	133	42	2	0	0
74C00a.104	ＧＳ科目	異文化間コミュニケーション	火2	小林　恵美子	全学生（共通教育科目に係る卒業要件未充足の2年以上優先）	60	134	40	77	29	17	8	3
74C00a.105	ＧＳ科目	異文化間コミュニケーション	水4	岸田　由美	全学生（共通教育科目に係る卒業要件未充足の2年以上優先）	60	261	88	152	76	22	9	2
74E01.101	ＧＳ科目	グローバル時代の国際協力（英語クラス）	火1	渡辺　敦子	全学生（共通教育科目に係る卒業要件未充足の2年以上優先）	40	77	10	48	27	2	0	0
74E01.102	ＧＳ科目	グローバル時代の国際協力	火3	渡辺　敦子	全学生（共通教育科目に係る卒業要件未充足の2年以上優先）	85	163	47	92	35	30	5	1
74E01.103	ＧＳ科目	グローバル時代の国際協力	木2	渡辺　敦子	全学生（共通教育科目に係る卒業要件未充足の2年以上優先）	80	201	56	123	63	13	2	0
74E01.104	ＧＳ科目	グローバル時代の国際協力	木4	渡辺　敦子	全学生（共通教育科目に係る卒業要件未充足の2年以上優先）	80	199	24	84	81	24	7	3
74F00a.101	ＧＳ科目	グローバル社会と地域の課題	水4	井出　明	全学生（共通教育科目に係る卒業要件未充足の2年以上優先）	99	87	9	46	25	9	6	1
74F00a.102	ＧＳ科目	グローバル社会と地域の課題	木3	井出　明	全学生（共通教育科目に係る卒業要件未充足の2年以上優先）	99	118	11	58	30	21	7	2
74F00a.103	ＧＳ科目	グローバル社会と地域の課題	木4	井出　明	全学生（共通教育科目に係る卒業要件未充足の2年以上優先）	99	73	5	28	25	15	4	1
74F00a.104	ＧＳ科目	グローバル社会と地域の課題（英語クラス）	水5	井出　明	全学生（共通教育科目に係る卒業要件未充足の2年以上優先）	99	14	1	10	2	2	0	0
75A10a.101	ＧＳ科目	科学技術と科学方法論	火2	垣内　康孝	全学生（共通教育科目に係る卒業要件未充足の2年以上優先）	72	162	52	97	45	14	4	2
75A10a.102	ＧＳ科目	科学技術と科学方法論	水3	垣内　康孝	全学生（共通教育科目に係る卒業要件未充足の2年以上優先）	96	358	102	211	107	34	6	0
75A10a.103	ＧＳ科目??科学技術と科学方法論??木4	垣内　康孝	全学生（共通教育科目に係る卒業要件未充足の2年以上優先）	96	334	95	181	108	32	12	1
75B10a.101	ＧＳ科目	統計学から未来を見る（英語クラス）	水3	松浦　義昭	全学生（共通教育科目に係る卒業要件未充足の2年以上優先）	10	73	13	28	22	19	4	0
75B10a.102	ＧＳ科目	統計学から未来を見る（英語クラス）	水4	松浦　義昭	全学生（共通教育科目に係る卒業要件未充足の2年以上優先）	10	44	9	21	14	5	3	1
75B10a.103	ＧＳ科目	統計学から未来を見る（英語クラス）	木1	松浦　義昭	全学生（共通教育科目に係る卒業要件未充足の2年以上優先）	10	27	9	26	1	0	0	0
75B10a.104	ＧＳ科目	統計学から未来を見る（英語クラス）	木2	松浦　義昭	全学生（共通教育科目に係る卒業要件未充足の2年以上優先）	10	29	3	12	13	4	0	0
75D20a.101	ＧＳ科目	環境学とＥＳＤ	火4	河内　幾帆	全学生（共通教育科目に係る卒業要件未充足の2年以上優先）	50	298	91	155	85	40	11	7
75D20a.102	ＧＳ科目	環境学とＥＳＤ	水3	河内　幾帆	全学生（共通教育科目に係る卒業要件未充足の2年以上優先）	50	339	87	174	110	48	6	1
75D20a.103	ＧＳ科目	環境学とＥＳＤ	月2	花本　征也	全学生（共通教育科目に係る卒業要件未充足の2年以上優先）	65	166	56	101	51	11	3	0
75E20a.101	ＧＳ科目	生活と社会保障	木1	森山　治	全学生（共通教育科目に係る卒業要件未充足の2年以上優先）	90	62	9	55	6	1	0	0
75E20a.102	ＧＳ科目	生活と社会保障	木2	森山　治	全学生（共通教育科目に係る卒業要件未充足の2年以上優先）	90	189	22	98	57	29	2	3
75E20a.103	ＧＳ科目	生活と社会保障	水5	村上　慎司	全学生（地域創造学類1年及び共通教育科目に係る卒業要件未充足の2年以上優先）	90	95	9	85	8	1	1	0
75E20a.104	ＧＳ科目	生活と社会保障	火3	陳  萍	全学生（共通教育科目に係る卒業要件未充足の2年以上優先）	99	97	14	29	40	16	9	3
75E20a.105	ＧＳ科目	生活と社会保障	火4	陳  萍	全学生（共通教育科目に係る卒業要件未充足の2年以上優先）	99	164	19	50	58	42	10	4
75E20a.106	ＧＳ科目	生活と社会保障	火5	陳  萍	全学生（共通教育科目に係る卒業要件未充足の2年以上優先）	66	69	7	55	14	0	0	0
75F21.101	ＧＳ科目	現代社会と人権	火2	飯田　玲子	全学生（共通教育科目に係る卒業要件未充足の2年以上優先）	99	52	4	15	22	9	6	0
75F21.102	ＧＳ科目	現代社会と人権	火3	飯田　玲子	全学生（共通教育科目に係る卒業要件未充足の2年以上優先）	99	119	15	42	39	22	8	8
75F21.103	ＧＳ科目	現代社会と人権	水2	飯田　玲子	全学生（共通教育科目に係る卒業要件未充足の2年以上優先）	99	143	20	83	36	18	4	2
75F21.104	ＧＳ科目	現代社会と人権	木2	飯田　玲子	全学生（共通教育科目に係る卒業要件未充足の2年以上優先）	99	165	23	91	47	14	12	1
75F21.105	ＧＳ科目	現代社会と人権	木5	飯田　玲子	全学生（共通教育科目に係る卒業要件未充足の2年以上優先）	99	127	8	74	53	0	0	0
76201.01	自由履修科目	ゼミ／漢文史料読解Ａ	金5	古畑　徹	全学生（2019年度以前入学者履修登録用）	30	0	0	0	0	0	0	0
76A10a.101	ＧＳ科目	インテグレーテッド科学（物理の世界）	木2	藤間　崇	全学生（共通教育科目に係る卒業要件未充足の2年以上優先）	80	189	119	169	13	6	1	0
76A10a.102	ＧＳ科目	インテグレーテッド科学（物理の世界）	金2	藤間　崇	全学生（共通教育科目に係る卒業要件未充足の2年以上優先）	50	419	205	331	68	20	0	0
76A10b.101	ＧＳ科目	インテグレーテッド科学（化学の世界）	月2	前多　肇	全学生（1年及び共通教育科目に係る卒業要件未充足の2年以上優先）	60	162	80	130	22	7	3	0
76A10b.102	ＧＳ科目	インテグレーテッド科学（化学の世界）	火1	三橋　了爾	全学生（共通教育科目に係る卒業要件未充足の2年以上優先）	90	93	15	61	29	3	0	0
76A10b.103	ＧＳ科目	インテグレーテッド科学（化学の世界）	火3	三橋　了爾	全学生（共通教育科目に係る卒業要件未充足の2年以上優先）	90	116	29	53	44	14	4	1
76B10.101	ＧＳ科目	AI入門	月1	八柳　祐一	全学生（共通教育科目に係る卒業要件未充足の2年以上優先）	95	391	194	325	66	0	0	0
76B10.102	ＧＳ科目	AI入門	月3	八柳　祐一	全学生（共通教育科目に係る卒業要件未充足の2年以上優先）	95	432	279	357	48	17	9	1
76B10.103	ＧＳ科目	AI入門	火1	八柳　祐一	全学生（共通教育科目に係る卒業要件未充足の2年以上優先）	95	357	177	326	30	0	1	0
76B10.104	ＧＳ科目	AI入門	火3	八柳　祐一	全学生（共通教育科目に係る卒業要件未充足の2年以上優先）	95	511	304	381	91	27	9	3
76C10.101	ＧＳ科目	情報の科学	火3	WENG WEI	全学生（共通教育科目に係る卒業要件未充足の2年以上優先）	70	335	158	200	103	22	7	3
76C10.102	ＧＳ科目	情報の科学	火4	WENG WEI	全学生（共通教育科目に係る卒業要件未充足の2年以上優先）	70	411	196	293	60	32	19	7
76C10.103	ＧＳ科目	情報の科学	金3	WENG WEI	全学生（共通教育科目に係る卒業要件未充足の2年以上優先）	70	490	200	421	55	14	0	0
76C10.104	ＧＳ科目	情報の科学	金4	WENG WEI	全学生（共通教育科目に係る卒業要件未充足の2年以上優先）	70	319	152	277	28	14	0	0
76D10.101	ＧＳ科目	デザイン思考入門	火2	秋田　純一	全学生（共通教育科目に係る卒業要件未充足の2年以上優先）	100	277	161	232	22	12	5	6
76D10.102	ＧＳ科目	デザイン思考入門	月3	林　透	全学生（共通教育科目に係る卒業要件未充足の2年以上優先）	60	271	138	183	69	10	5	4
76D10.103	ＧＳ科目	デザイン思考入門	木5	山下　貴弘	全学生（共通教育科目に係る卒業要件未充足の2年以上優先）	60	306	121	288	18	0	0	0
76E10a.101	ＧＳ科目	論理学と数学の基礎（論理学から見る世界）	火3	黒川　英徳	全学生（共通教育科目に係る卒業要件未充足の2年以上優先）	75	133	32	62	43	25	3	0
76E10a.102	ＧＳ科目	論理学と数学の基礎（論理学から見る世界）	火5	黒川　英徳	全学生（共通教育科目に係る卒業要件未充足の2年以上優先）	75	92	22	83	9	0	0	0
76E10b.101	ＧＳ科目	論理学と数学の基礎（数学的発想法）	木4	川越　謙一	全学生（共通教育科目に係る卒業要件未充足の2年以上優先）	87	392	195	300	59	23	9	1
77619	自由履修科目	AIと社会情動学習（SEL）	水3	堤　敦朗	全学生	15	21	6	13	7	0	0	1
77621.01	自由履修科目	英語学術リテラシー科目(Presentation)	火3	RUNNER JACOB WAYNE	全学生（2023年度以前入学者）	20	2	0	2	0	0	0	0
77622.01	自由履修科目	英語学術リテラシー科目(Interaction)	火5	大藪　加奈	全学生（2023年度以前入学者）	20	17	7	17	0	0	0	0
77623.01	自由履修科目	英語学術リテラシー科目(English for STEM)	木4	山村　公恵	全学生（2023年度以前入学者）	20	4	0	3	0	1	0	0
77624.01	自由履修科目	英語学術リテラシー科目(Science and Society)	月5	EBNOU MALAININE	全学生（2023年度以前入学者）	20	5	2	4	1	0	0	0
77625.01	自由履修科目	英語学術リテラシー科目(Reading and Discussion)	水3	BROWN DALE COLIN	全学生（2023年度以前入学者）	20	4	1	4	0	0	0	0
77627	自由履修科目	『生と死の倫理』について	水4	小田桐　拓志	全学生	50	29	5	19	6	1	2	1
77630	自由履修科目	考古学実習１	金3〜4	足立　拓朗	全学生	40	4	1	4	0	0	0	0
77634	自由履修科目	考古学実習A	金3〜4	足立　拓朗	全学生	40	1	0	1	0	0	0	0
"
